Model,R2,MAE,RMSE
LinearRegression,0.5469421676558335,15.87731415099782,19.38880268717536
RandomForest,0.9769226955952109,2.568622541217872,4.375893150758447
