Model,CV_R2_mean,CV_R2_std,CV_MAE_mean,CV_RMSE_mean
LinearRegression,0.5424308651089478,0.01948761903513651,15.661196376986405,19.124738295462684
RandomForest_300,0.9756549218738046,0.0014348844893452939,2.5318608665269506,4.409915297429595
RandomForest_Tuned,0.9787881503125362,0.00209258866891415,2.399233465830246,4.112240332316835
