pH_bin,Model,CV_R2_mean,CV_R2_std,CV_MAE_mean,CV_RMSE_mean
acidic,RF_pH_acidic,0.9698720910326619,0.0016131559273715702,2.2306015700304003,3.8276328945465643
slightly_acidic,RF_pH_slightly_acidic,0.9742937784831796,0.0014984617611070352,3.1645995303332897,5.397642146340638
neutral,RF_pH_neutral,0.9766426534364007,0.0016337966003207732,2.1202142939665576,3.592734155774008
