Feature,Importance
num__Temperature,0.7302650354843107
num__Humidity,0.18826774289303144
num__P,0.016451968537669802
cat__Soil_Type_loamy,0.015586406048162974
cat__Soil_Type_clay,0.014105967301415587
num__N,0.01341270782509406
num__K,0.012920178206833647
num__Wind_Speed,0.007951190931701485
num__Soil_pH,0.000475267835662847
cat__Soil_Type_peaty,0.00036135913535051173
cat__Soil_Type_sandy,0.00010568684937578916
cat__Soil_Type_saline,9.64889513912593e-05
