Model,R2,MAE,RMSE
LinearRegression,0.544571200968661,15.97991951630092,19.480220185445898
RandomForest,0.9762027469299306,2.587129667550028,4.452941924604458
