Model,CV_R2_mean,CV_R2_std,CV_MAE_mean,CV_RMSE_mean
LinearRegression,0.5411770207340236,0.01985146711578018,15.713839642601034,19.17308370133202
RandomForest_300,0.9751465970574996,0.0016486278086507602,2.5461071951515395,4.459724472650463
RandomForest_Tuned,0.978153945317841,0.0019530439910577107,2.4369920821279316,4.178957048660931
