pH_bin,Model,CV_R2_mean,CV_R2_std,CV_MAE_mean,CV_RMSE_mean
acidic,RF_pH_acidic,0.9698693821293043,0.0016117388323993599,2.230685237675344,3.827804508250682
slightly_acidic,RF_pH_slightly_acidic,0.9735040946912494,0.0014171146780436288,3.1938165481189715,5.489163004762647
neutral,RF_pH_neutral,0.9773708569995669,0.0052186550327806116,2.0847258050844837,3.4116408309135067
alkaline,RF_pH_alkaline,0.9752828687656867,0.0026604758014591805,2.208731932994129,3.792709179406161
