Feature,Importance
num__Temperature,0.7196808322801187
num__Humidity,0.19842901057586665
cat__Soil_Type_Loamy,0.017144089339659933
num__P,0.015157532689395296
cat__Soil_Type_Clay,0.01408201579908316
num__K,0.013481425810315285
num__N,0.012903801502979245
num__Wind_Speed,0.00808916885928883
num__Soil_pH,0.00046320624453234687
cat__Soil_Type_Peaty,0.000368125903199871
cat__Soil_Type_Sandy,0.00010293300040064696
cat__Soil_Type_Saline,9.785799515997117e-05
